"idOrder","customer","status","pos","items","category","expansion","name","language","condition","price","comments","isFoil","isSigned","isPlayset","isAltered","issues"
"1168269932","Domipercuoc54","paid","1/3","1","","Silver Tempest","Regidrago V ","Italian","GD","16 €","","false","false","false","false",""
"1168269932","Domipercuoc54","paid","2/3","1","","Twilight Masquerade","Palafin ex ","Italian","NM","0.99 €","","false","false","false","false",""
"1168269932","Domipercuoc54","paid","3/3","1","","Twilight Masquerade","Iperaroma","Italian","NM","1.97 €","","false","false","false","false",""
"1169160879","JuzooYAK","paid","1/1","1","","Pokémon Card 151","Poliwhirl ","Japanese","NM","2.48 €","","false","false","false","false",""
"1170138642","Perry18","cancelled","1/1","1","","XY Promos","Hoopa ","Japanese","EX","19.90 €","","","false","false","false",""
"1170402608","Fazzone","cancelled","1/1","1","","Fusion Strike","Mew VMAX ","Italian","NM","37.99 €","","","false","false","false",""
"1170835376","Iambaio7","cancelled","1/3","1","","SWSH Black Star Promos","Spark","Italian","NM","1.28 €","","","false","false","false",""
"1170835376","Iambaio7","cancelled","2/3","1","","SWSH Black Star Promos","Blanche","Italian","NM","0.99 €","","","false","false","false",""
"1170835376","Iambaio7","cancelled","3/3","1","","SWSH Black Star Promos","Candela","Italian","NM","0.99 €","","","false","false","false",""
"1170988990","nello1616","paid","1/1","1","","Base Set 2","Blastoise ","English","PO","25.94 €","","false","false","false","false",""
"1173190572","Bomber1996","cancelled","1/1","1","","Celebrations","Mewtwo EX ","English","NM","6.98 €","","","false","false","false",""
"1180386224","ilgiavo","cancelled","1/14","1","","VMAX Climax","Eevee ","Japanese","NM","3.98 €","","","false","false","false",""
"1180386224","ilgiavo","cancelled","2/14","1","","Crown Zenith","Enamorus ","Italian","NM","0.02 €","","","false","false","false",""
"1180386224","ilgiavo","cancelled","3/14","1","","Ruler of the Black Flame","Absol ex ","Japanese","NM","0.48 €","","","false","false","false",""
"1180386224","ilgiavo","cancelled","4/14","1","","151","Electrode ","Italian","NM","0.03 €","","","false","false","false",""
"1180386224","ilgiavo","cancelled","5/14","1","","151","Kadabra ","Italian","NM","0.02 €","","","false","false","false",""
"1180386224","ilgiavo","cancelled","6/14","1","","151","Machoke ","Italian","NM","0.02 €","","","false","false","false",""
"1180386224","ilgiavo","cancelled","7/14","1","","151","Graveler ","Italian","NM","0.02 €","","","false","false","false",""
"1180386224","ilgiavo","cancelled","8/14","1","","151","Hitmonlee ","Italian","NM","0.02 €","","","false","false","false",""
"1180386224","ilgiavo","cancelled","9/14","1","","151","Hitmonchan ","Italian","NM","0.02 €","","","false","false","false",""
"1180386224","ilgiavo","cancelled","10/14","1","","151","Bulbasaur ","Italian","NM","0.02 €","","","false","false","false",""
"1180386224","ilgiavo","cancelled","11/14","1","","151","Squirtle ","Italian","NM","0.02 €","","","false","false","false",""
"1180386224","ilgiavo","cancelled","12/14","1","","151","Machop ","Italian","NM","0.02 €","","","false","false","false",""
"1180386224","ilgiavo","cancelled","13/14","1","","Cyber Judge","Scizor ex ","Japanese","NM","0.64 €","","","false","false","false",""
"1180386224","ilgiavo","cancelled","14/14","1","","Stellar Miracle","Lapras ex ","Japanese","NM","1.94 €","","","false","false","false",""
"1181113398","smd-stars","cancelled","1/16","1","","Clay Burst","Bellibolt ex ","Japanese","NM","1.68 €","","","false","false","false",""
"1181113398","smd-stars","cancelled","2/16","1","","Pokémon Card 151","Nidorino ","Japanese","NM","0.19 €","","","false","false","false",""
"1181113398","smd-stars","cancelled","3/16","1","","Pokémon Card 151","Gloom ","Japanese","NM","0.25 €","","","false","false","false",""
"1181113398","smd-stars","cancelled","4/16","1","","Pokémon Card 151","Dugtrio ","Japanese","NM","0.14 €","","","false","false","false",""
"1181113398","smd-stars","cancelled","5/16","1","","Pokémon Card 151","Leftovers","Japanese","NM","0.14 €","","","false","false","false",""
"1181113398","smd-stars","cancelled","6/16","1","","Pokémon Card 151","Weedle ","Japanese","NM","0.18 €","","","false","false","false",""
"1181113398","smd-stars","cancelled","7/16","1","","Pokémon Card 151","Pidgey ","Japanese","NM","0.19 €","","","false","false","false",""
"1181113398","smd-stars","cancelled","8/16","1","","Pokémon Card 151","Nidoran [F] ","Japanese","NM","0.29 €","","","false","false","false",""
"1181113398","smd-stars","cancelled","9/16","1","","Pokémon Card 151","Meowth ","Japanese","NM","0.24 €","","","false","false","false",""
"1181113398","smd-stars","cancelled","10/16","1","","Pokémon Card 151","Abra ","Japanese","NM","0.46 €","","","false","false","false",""
"1181113398","smd-stars","cancelled","11/16","1","","Pokémon Card 151","Doduo ","Japanese","NM","0.29 €","","","false","false","false",""
"1181113398","smd-stars","cancelled","12/16","1","","Pokémon Card 151","Cubone ","Japanese","NM","0.19 €","","","false","false","false",""
"1181113398","smd-stars","cancelled","13/16","1","","Pokémon Card 151","Rhyhorn ","Japanese","NM","0.23 €","","","false","false","false",""
"1181113398","smd-stars","cancelled","14/16","1","","Pokémon Card 151","Staryu ","Japanese","NM","0.19 €","","","false","false","false",""
"1181113398","smd-stars","cancelled","15/16","1","","Ruler of the Black Flame","Bellibolt ","Japanese","NM","0.13 €","","","false","false","false",""
"1181113398","smd-stars","cancelled","16/16","1","","Obsidian Flames","Bellibolt ","Italian","NM","0.04 €","","","false","false","false",""
"1182848562","P2000","cancelled","1/1","1","","Temporal Forces","Skateboard di Salvataggio","Italian","NM","0.02 €","","","false","","false",""
"1181179490","luigirocco","cancelled","1/1","1","","Shrouded Fable","Cufant ","Italian","NM","9.96 €","","","false","false","false",""
"1181289849","Yoan-Schreck","cancelled","1/1","1","","Scarlet & Violet","Kingambit ","Italian","NM","5.48 €","","","false","false","false",""
"1180554902","Prnixk","cancelled","1/1","1","","SV Black Star Promos","Charizard ex ","Italian","NM","3.99 €","","","false","false","false",""
"1180377171","MatteoGiovannoni001","cancelled","1/1","1","","151","Tangela ","Italian","NM","14.89 €","","","false","false","false",""
"1177721503","CerriTiziano00","cancelled","1/1","1","","Paradox Rift","Cyclizar ","Italian","NM","2.89 €","","","false","false","false",""
"1177704288","CerriTiziano00","cancelled","1/2","1","","Paradox Rift","Pruna","Italian","NM","11.88 €","","","false","false","false",""
"1177704288","CerriTiziano00","cancelled","2/2","1","","Paradox Rift","Gimmighoul ","Italian","NM","4.89 €","","","false","false","false",""
"1179318912","danimartin97","cancelled","1/9","1","","Ruler of the Black Flame","Eiscue ex ","Japanese","NM","1.47 €","","","false","false","false",""
"1179318912","danimartin97","cancelled","2/9","1","","Ruler of the Black Flame","Vespiquen ex ","Japanese","NM","1.08 €","","","false","false","false",""
"1179318912","danimartin97","cancelled","3/9","1","","Ruler of the Black Flame","Glimmora ex ","Japanese","NM","1.19 €","","","false","false","false",""
"1179318912","danimartin97","cancelled","4/9","1","","Ruler of the Black Flame","Revavroom ex ","Japanese","NM","1.43 €","","","false","false","false",""
"1179318912","danimartin97","cancelled","5/9","1","","Ruler of the Black Flame","Vespiquen ex ","Japanese","NM","0.24 €","","","false","false","false",""
"1179318912","danimartin97","cancelled","6/9","1","","Ruler of the Black Flame","Houndour ","Japanese","NM","0.88 €","","","false","false","false",""
"1179318912","danimartin97","cancelled","7/9","1","","Ruler of the Black Flame","Lechonk ","Japanese","NM","0.79 €","","","false","false","false",""
"1179318912","danimartin97","cancelled","8/9","1","","Ruler of the Black Flame","Paldean Wooper ","Japanese","NM","0.08 €","","","false","false","false",""
"1179318912","danimartin97","cancelled","9/9","1","","Ruler of the Black Flame","Lechonk ","Japanese","NM","0.08 €","","","false","false","false",""
"1172974472","JustFz97","cancelled","1/2","1","","Awakened Pulse [Fusion World] (Non-Engish)","Son Gohan : Childhood // Son Gohan : Childhood (FB01-071) [Fusion World] (V.1 - Leader)","Japanese","NM","0.39 €","","false","false","","false",""
"1172974472","JustFz97","cancelled","2/2","1","","Awakened Pulse [Fusion World] (Non-Engish)","Android 16 (FB01-074) [Fusion World]","Japanese","NM","0.20 €","","false","false","","false",""
"1175940300","LorenzoBetti00","cancelled","1/1","1","","151","Charmeleon ","Italian","NM","33.89 €","","","false","false","false",""
"1177018603","Candylordshop","cancelled","1/1","1","","Pokémon GO","Charizard ","English","NM","1.77 €","","","false","false","false",""
"1184886822","Bobis25","cancelled","1/1","1","","Wild Force","Bronzor ","Japanese","NM","0.86 €","","","false","","false",""
"1185165010","Pietrangelo","cancelled","1/16","1","","Snow Hazard","Bramblin ","Japanese","NM","1.49 €","","","false","","false",""
"1185165010","Pietrangelo","cancelled","2/16","1","","Clay Burst","Fletchinder ","Japanese","NM","1.08 €","","","false","","false",""
"1185165010","Pietrangelo","cancelled","3/16","1","","Raging Surf","Mantyke ","Japanese","NM","2.52 €","","","false","","false",""
"1185165010","Pietrangelo","cancelled","4/16","1","","Raging Surf","Plusle ","Japanese","NM","2.88 €","","","false","","false",""
"1185165010","Pietrangelo","cancelled","5/16","1","","Raging Surf","Minun ","Japanese","NM","3.89 €","","","false","","false",""
"1185165010","Pietrangelo","cancelled","6/16","1","","Ancient Roar","Crustle ","Japanese","NM","0.88 €","","","false","","false",""
"1185165010","Pietrangelo","cancelled","7/16","1","","Ancient Roar","Mienshao ","Japanese","NM","1.48 €","","","false","","false",""
"1185165010","Pietrangelo","cancelled","8/16","1","","Future Flash","Vanillish ","Japanese","NM","1.69 €","","","false","","false",""
"1185165010","Pietrangelo","cancelled","9/16","1","","Future Flash","Swablu ","Japanese","NM","1.99 €","","","false","","false",""
"1185165010","Pietrangelo","cancelled","10/16","1","","Wild Force","Grotle ","Japanese","NM","1.49 €","","","false","","false",""
"1185165010","Pietrangelo","cancelled","11/16","1","","Wild Force","Bronzor ","Japanese","NM","0.86 €","","","false","","false",""
"1185165010","Pietrangelo","cancelled","12/16","1","","Cyber Judge","Deerling ","Japanese","NM","2.98 €","","","false","","false",""
"1185165010","Pietrangelo","cancelled","13/16","1","","Cyber Judge","Sawsbuck ","Japanese","NM","2.98 €","","","false","","false",""
"1185165010","Pietrangelo","cancelled","14/16","1","","Crimson Haze","Applin ","Japanese","NM","0.98 €","","","false","","false",""
"1185165010","Pietrangelo","cancelled","15/16","1","","Mask of Change","Lairon ","Japanese","NM","0.98 €","","","false","","false",""
"1185165010","Pietrangelo","cancelled","16/16","1","","Paradise Dragona","Braviary ","Japanese","NM","1.81 €","","","false","","false",""
"1185714750","LudoDelu","cancelled","1/1","1","","Night Wanderer","Tapu Bulu ","Japanese","NM","0.98 €","","","false","","false",""
"1186010291","Damixtsl","cancelled","1/1","2","","","Zenit Regale: Unown V & Lugia V Special Collection","Italian","","43.99 €","","","","","",""
"1186326020","Quentz","cancelled","1/2","1","","SWSH Black Star Promos","Galarian Ponyta ","English","NM","2 €","","","false","","false",""
"1186326020","Quentz","cancelled","2/2","1","","Paldean Fates","Rellor ","Italian","NM","3.68 €","","","false","","false",""
"1187998114","Griffith0","cancelled","1/36","1","","VSTAR Universe","Thievul ","Japanese","NM","0.68 €","","","false","","false",""
"1187998114","Griffith0","cancelled","2/36","1","","Snow Hazard","Arctibax ","Japanese","NM","2.89 €","","","false","","false",""
"1187998114","Griffith0","cancelled","3/36","1","","Snow Hazard","Orthworm ","Japanese","NM","0.99 €","","","false","","false",""
"1187998114","Griffith0","cancelled","4/36","1","","Ancient Roar","Scream Tail ","Japanese","NM","1.94 €","","","false","","false",""
"1187998114","Griffith0","cancelled","5/36","1","","Ancient Roar","Garganacl ","Japanese","NM","0.99 €","","","false","","false",""
"1187998114","Griffith0","cancelled","6/36","1","","Ancient Roar","Loudred ","Japanese","NM","1.64 €","","","false","","false",""
"1187998114","Griffith0","cancelled","7/36","1","","Future Flash","Dottler ","Japanese","NM","0.99 €","","","false","","false",""
"1187998114","Griffith0","cancelled","8/36","1","","Future Flash","Toedscruel ","Japanese","NM","0.99 €","","","false","","false",""
"1187998114","Griffith0","cancelled","9/36","1","","Future Flash","Iron Moth ","Japanese","NM","0.99 €","","","false","","false",""
"1187998114","Griffith0","cancelled","10/36","1","","Future Flash","Vanillish ","Japanese","NM","1.69 €","","","false","","false",""
"1187998114","Griffith0","cancelled","11/36","1","","Future Flash","Iron Bundle ","Japanese","NM","2.98 €","","","false","","false",""
"1187998114","Griffith0","cancelled","12/36","1","","Future Flash","Swablu ","Japanese","NM","1.99 €","","","false","","false",""
"1187998114","Griffith0","cancelled","13/36","1","","Wild Force","Snom ","Japanese","NM","0.99 €","","","false","","false",""
"1187998114","Griffith0","cancelled","14/36","1","","Wild Force","Reuniclus ","Japanese","NM","1.48 €","","","false","","false",""
"1187998114","Griffith0","cancelled","15/36","1","","Wild Force","Mudsdale ","Japanese","NM","0.94 €","","","false","","false",""
"1187998114","Griffith0","cancelled","16/36","1","","Wild Force","Cinccino ","Japanese","NM","2.48 €","","","false","","false",""
"1187998114","Griffith0","cancelled","17/36","1","","Cyber Judge","Litten ","Japanese","NM","1.98 €","","","false","","false",""
"1187998114","Griffith0","cancelled","18/36","1","","Cyber Judge","Charjabug ","Japanese","NM","0.89 €","","","false","","false",""
"1187998114","Griffith0","cancelled","19/36","1","","Cyber Judge","Iron Thorns ","Japanese","NM","0.98 €","","","false","","false",""
"1187998114","Griffith0","cancelled","20/36","1","","Cyber Judge","Cutiefly ","Japanese","NM","0.89 €","","","false","","false",""
"1187998114","Griffith0","cancelled","21/36","1","","Cyber Judge","Excadrill ","Japanese","NM","1.28 €","","","false","","false",""
"1187998114","Griffith0","cancelled","22/36","1","","Cyber Judge","Lickitung ","Japanese","NM","1.37 €","","","false","","false",""
"1187998114","Griffith0","cancelled","23/36","1","","Crimson Haze","Poltchageist ","Japanese","NM","0.98 €","","","false","","false",""
"1187998114","Griffith0","cancelled","24/36","1","","Crimson Haze","Cramorant ","Japanese","NM","0.95 €","","","false","","false",""
"1187998114","Griffith0","cancelled","25/36","1","","Crimson Haze","Enamorus ","Japanese","NM","0.98 €","","","false","","false",""
"1187998114","Griffith0","cancelled","26/36","1","","Crimson Haze","Hisuian Growlithe ","Japanese","NM","3.28 €","","","false","","false",""
"1187998114","Griffith0","cancelled","27/36","1","","Crimson Haze","Probopass ","Japanese","NM","0.98 €","","","false","","false",""
"1187998114","Griffith0","cancelled","28/36","1","","Mask of Change","Sunflora ","Japanese","NM","0.94 €","","","false","","false",""
"1187998114","Griffith0","cancelled","29/36","1","","Mask of Change","Chimecho ","Japanese","NM","0.89 €","","","false","","false",""
"1187998114","Griffith0","cancelled","30/36","1","","Mask of Change","Timburr ","Japanese","NM","0.88 €","","","false","","false",""
"1187998114","Griffith0","cancelled","31/36","1","","Mask of Change","Okidogi ","Japanese","NM","0.92 €","","","false","","false",""
"1187998114","Griffith0","cancelled","32/36","1","","Night Wanderer","Tapu Bulu ","Japanese","NM","0.98 €","","","false","","false",""
"1187998114","Griffith0","cancelled","33/36","1","","Night Wanderer","Zorua ","Japanese","NM","3.47 €","","","false","","false",""
"1187998114","Griffith0","cancelled","34/36","1","","Stellar Miracle","Turtonator ","Japanese","NM","0.89 €","","","false","","false",""
"1187998114","Griffith0","cancelled","35/36","1","","Stellar Miracle","Milcery ","Japanese","NM","0.98 €","","","false","","false",""
"1187998114","Griffith0","cancelled","36/36","1","","Stellar Miracle","Gulpin ","Japanese","NM","1.18 €","","","false","","false",""
"1189085664","Parronss","cancelled","1/112","1","","Pokémon Card 151","Beedrill ","Japanese","NM","0.14 €","","","false","","false",""
"1189085664","Parronss","cancelled","2/112","1","","Pokémon Card 151","Nidoking ","Japanese","NM","0.04 €","","","false","","false",""
"1189085664","Parronss","cancelled","3/112","1","","Pokémon Card 151","Vileplume ","Japanese","NM","0.04 €","","","false","","false",""
"1189085664","Parronss","cancelled","4/112","1","","Pokémon Card 151","Machamp ","Japanese","NM","0.04 €","","","false","","false",""
"1189085664","Parronss","cancelled","5/112","1","","Pokémon Card 151","Electrode ","Japanese","NM","0.02 €","","","false","","false",""
"1189085664","Parronss","cancelled","6/112","1","","Pokémon Card 151","Weezing ","Japanese","NM","0.04 €","","","false","","false",""
"1189085664","Parronss","cancelled","7/112","1","","Pokémon Card 151","Ditto ","Japanese","NM","0.09 €","","","false","","false",""
"1189085664","Parronss","cancelled","8/112","1","","Pokémon Card 151","Vaporeon ","Japanese","NM","0.09 €","","","false","","false",""
"1189085664","Parronss","cancelled","9/112","1","","Pokémon Card 151","Flareon ","Japanese","NM","0.14 €","","","false","","false",""
"1189085664","Parronss","cancelled","10/112","1","","Pokémon Card 151","Omastar ","Japanese","NM","0.06 €","","","false","","false",""
"1189085664","Parronss","cancelled","11/112","1","","Pokémon Card 151","Ivysaur ","Japanese","NM","0.09 €","","","false","","false",""
"1189085664","Parronss","cancelled","12/112","1","","Pokémon Card 151","Charmeleon ","Japanese","NM","0.19 €","","","false","","false",""
"1189085664","Parronss","cancelled","13/112","1","","Pokémon Card 151","Wartortle ","Japanese","NM","0.04 €","","","false","","false",""
"1189085664","Parronss","cancelled","14/112","1","","Pokémon Card 151","Butterfree ","Japanese","NM","0.04 €","","","false","","false",""
"1189085664","Parronss","cancelled","15/112","1","","Pokémon Card 151","Pidgeot ","Japanese","NM","0.02 €","","","false","","false",""
"1189085664","Parronss","cancelled","16/112","1","","Pokémon Card 151","Raticate ","Japanese","NM","0.03 €","","","false","","false",""
"1189085664","Parronss","cancelled","17/112","1","","Pokémon Card 151","Fearow ","Japanese","NM","0.09 €","","","false","","false",""
"1189085664","Parronss","cancelled","18/112","1","","Pokémon Card 151","Sandslash ","Japanese","NM","0.02 €","","","false","","false",""
"1189085664","Parronss","cancelled","19/112","1","","Pokémon Card 151","Nidorina ","Japanese","NM","0.04 €","","","false","","false",""
"1189085664","Parronss","cancelled","20/112","1","","Pokémon Card 151","Nidoqueen ","Japanese","NM","0.02 €","","","false","","false",""
"1189085664","Parronss","cancelled","21/112","1","","Pokémon Card 151","Nidorino ","Japanese","NM","0.04 €","","","false","","false",""
"1189085664","Parronss","cancelled","22/112","1","","Pokémon Card 151","Clefable ","Japanese","NM","0.04 €","","","false","","false",""
"1189085664","Parronss","cancelled","23/112","1","","Pokémon Card 151","Golbat ","Japanese","NM","0.02 €","","","false","","false",""
"1189085664","Parronss","cancelled","24/112","1","","Pokémon Card 151","Gloom ","Japanese","NM","0.09 €","","","false","","false",""
"1189085664","Parronss","cancelled","25/112","1","","Pokémon Card 151","Parasect ","Japanese","NM","0.03 €","","","false","","false",""
"1189085664","Parronss","cancelled","26/112","1","","Pokémon Card 151","Venomoth ","Japanese","NM","0.02 €","","","false","","false",""
"1189085664","Parronss","cancelled","27/112","1","","Pokémon Card 151","Persian ","Japanese","NM","0.09 €","","","false","","false",""
"1189085664","Parronss","cancelled","28/112","1","","Pokémon Card 151","Golduck ","Japanese","NM","0.09 €","","","false","","false",""
"1189085664","Parronss","cancelled","29/112","1","","Pokémon Card 151","Primeape ","Japanese","NM","0.03 €","","","false","","false",""
"1189085664","Parronss","cancelled","30/112","1","","Pokémon Card 151","Arcanine ","Japanese","NM","0.09 €","","","false","","false",""
"1189085664","Parronss","cancelled","31/112","1","","Pokémon Card 151","Kadabra ","Japanese","NM","0.09 €","","","false","","false",""
"1189085664","Parronss","cancelled","32/112","1","","Pokémon Card 151","Machoke ","Japanese","NM","0.03 €","","","false","","false",""
"1189085664","Parronss","cancelled","33/112","1","","Pokémon Card 151","Victreebel ","Japanese","NM","0.09 €","","","false","","false",""
"1189085664","Parronss","cancelled","34/112","1","","Pokémon Card 151","Tentacruel ","Japanese","NM","0.02 €","","","false","","false",""
"1189085664","Parronss","cancelled","35/112","1","","Pokémon Card 151","Rapidash ","Japanese","NM","0.02 €","","","false","","false",""
"1189085664","Parronss","cancelled","36/112","1","","Pokémon Card 151","Slowbro ","Japanese","NM","0.04 €","","","false","","false",""
"1189085664","Parronss","cancelled","37/112","1","","Pokémon Card 151","Magneton ","Japanese","NM","0.04 €","","","false","","false",""
"1189085664","Parronss","cancelled","38/112","1","","Pokémon Card 151","Dewgong ","Japanese","NM","0.04 €","","","false","","false",""
"1189085664","Parronss","cancelled","39/112","1","","Pokémon Card 151","Muk ","Japanese","NM","0.02 €","","","false","","false",""
"1189085664","Parronss","cancelled","40/112","1","","Pokémon Card 151","Cloyster ","Japanese","NM","0.03 €","","","false","","false",""
"1189085664","Parronss","cancelled","41/112","1","","Pokémon Card 151","Onix ","Japanese","NM","0.02 €","","","false","","false",""
"1189085664","Parronss","cancelled","42/112","1","","Pokémon Card 151","Hypno ","Japanese","NM","0.03 €","","","false","","false",""
"1189085664","Parronss","cancelled","43/112","1","","Pokémon Card 151","Kingler ","Japanese","NM","0.02 €","","","false","","false",""
"1189085664","Parronss","cancelled","44/112","1","","Pokémon Card 151","Exeggutor ","Japanese","NM","0.03 €","","","false","","false",""
"1189085664","Parronss","cancelled","45/112","1","","Pokémon Card 151","Hitmonlee ","Japanese","NM","0.02 €","","","false","","false",""
"1189085664","Parronss","cancelled","46/112","1","","Pokémon Card 151","Hitmonchan ","Japanese","NM","0.03 €","","","false","","false",""
"1189085664","Parronss","cancelled","47/112","1","","Pokémon Card 151","Rhydon ","Japanese","NM","0.02 €","","","false","","false",""
"1189085664","Parronss","cancelled","48/112","1","","Pokémon Card 151","Seadra ","Japanese","NM","0.08 €","","","false","","false",""
"1189085664","Parronss","cancelled","49/112","1","","Pokémon Card 151","Seaking ","Japanese","NM","0.03 €","","","false","","false",""
"1189085664","Parronss","cancelled","50/112","1","","Pokémon Card 151","Scyther ","Japanese","NM","0.09 €","","","false","","false",""
"1189085664","Parronss","cancelled","51/112","1","","Pokémon Card 151","Pinsir ","Japanese","NM","0.09 €","","","false","","false",""
"1189085664","Parronss","cancelled","52/112","1","","Pokémon Card 151","Tauros ","Japanese","NM","0.03 €","","","false","","false",""
"1189085664","Parronss","cancelled","53/112","1","","Pokémon Card 151","Lapras ","Japanese","NM","0.04 €","","","false","","false",""
"1189085664","Parronss","cancelled","54/112","1","","Pokémon Card 151","Omanyte ","Japanese","NM","0.09 €","","","false","","false",""
"1189085664","Parronss","cancelled","55/112","1","","Pokémon Card 151","Kabuto ","Japanese","NM","0.02 €","","","false","","false",""
"1189085664","Parronss","cancelled","56/112","1","","Pokémon Card 151","Snorlax ","Japanese","NM","0.09 €","","","false","","false",""
"1189085664","Parronss","cancelled","57/112","1","","Pokémon Card 151","Dragonair ","Japanese","NM","0.04 €","","","false","","false",""
"1189085664","Parronss","cancelled","58/112","1","","Pokémon Card 151","Bulbasaur ","Japanese","NM","0.04 €","","","false","","false",""
"1189085664","Parronss","cancelled","59/112","1","","Pokémon Card 151","Charmander ","Japanese","NM","0.02 €","","","false","","false",""
"1189085664","Parronss","cancelled","60/112","1","","Pokémon Card 151","Squirtle ","Japanese","NM","0.04 €","","","false","","false",""
"1189085664","Parronss","cancelled","61/112","1","","Pokémon Card 151","Caterpie ","Japanese","NM","0.02 €","","","false","","false",""
"1189085664","Parronss","cancelled","62/112","1","","Pokémon Card 151","Weedle ","Japanese","NM","0.02 €","","","false","","false",""
"1189085664","Parronss","cancelled","63/112","1","","Pokémon Card 151","Kakuna ","Japanese","NM","0.02 €","","","false","","false",""
"1189085664","Parronss","cancelled","64/112","1","","Pokémon Card 151","Pidgey ","Japanese","NM","0.02 €","","","false","","false",""
"1189085664","Parronss","cancelled","65/112","1","","Pokémon Card 151","Pidgeotto ","Japanese","NM","0.02 €","","","false","","false",""
"1189085664","Parronss","cancelled","66/112","1","","Pokémon Card 151","Rattata ","Japanese","NM","0.02 €","","","false","","false",""
"1189085664","Parronss","cancelled","67/112","1","","Pokémon Card 151","Spearow ","Japanese","NM","0.02 €","","","false","","false",""
"1189085664","Parronss","cancelled","68/112","1","","Pokémon Card 151","Ekans ","Japanese","NM","0.02 €","","","false","","false",""
"1189085664","Parronss","cancelled","69/112","1","","Pokémon Card 151","Pikachu ","Japanese","NM","0.02 €","","","false","","false",""
"1189085664","Parronss","cancelled","70/112","1","","Pokémon Card 151","Sandshrew ","Japanese","NM","0.02 €","","","false","","false",""
"1189085664","Parronss","cancelled","71/112","1","","Pokémon Card 151","Nidoran [F] ","Japanese","NM","0.02 €","","","false","","false",""
"1189085664","Parronss","cancelled","72/112","1","","Pokémon Card 151","Nidoran [M] ","Japanese","NM","0.02 €","","","false","","false",""
"1189085664","Parronss","cancelled","73/112","1","","Pokémon Card 151","Clefairy ","Japanese","NM","0.02 €","","","false","","false",""
"1189085664","Parronss","cancelled","74/112","1","","Pokémon Card 151","Vulpix ","Japanese","NM","0.02 €","","","false","","false",""
"1189085664","Parronss","cancelled","75/112","1","","Pokémon Card 151","Jigglypuff ","Japanese","NM","0.03 €","","","false","","false",""
"1189085664","Parronss","cancelled","76/112","1","","Pokémon Card 151","Zubat ","Japanese","NM","0.02 €","","","false","","false",""
"1189085664","Parronss","cancelled","77/112","1","","Pokémon Card 151","Oddish ","Japanese","NM","0.02 €","","","false","","false",""
"1189085664","Parronss","cancelled","78/112","1","","Pokémon Card 151","Paras ","Japanese","NM","0.02 €","","","false","","false",""
"1189085664","Parronss","cancelled","79/112","1","","Pokémon Card 151","Venonat ","Japanese","NM","0.04 €","","","false","","false",""
"1189085664","Parronss","cancelled","80/112","1","","Pokémon Card 151","Meowth ","Japanese","NM","0.02 €","","","false","","false",""
"1189085664","Parronss","cancelled","81/112","1","","Pokémon Card 151","Psyduck ","Japanese","NM","0.08 €","","","false","","false",""
"1189085664","Parronss","cancelled","82/112","1","","Pokémon Card 151","Mankey ","Japanese","NM","0.02 €","","","false","","false",""
"1189085664","Parronss","cancelled","83/112","1","","Pokémon Card 151","Growlithe ","Japanese","NM","0.02 €","","","false","","false",""
"1189085664","Parronss","cancelled","84/112","1","","Pokémon Card 151","Poliwag ","Japanese","NM","0.02 €","","","false","","false",""
"1189085664","Parronss","cancelled","85/112","1","","Pokémon Card 151","Abra ","Japanese","NM","0.02 €","","","false","","false",""
"1189085664","Parronss","cancelled","86/112","1","","Pokémon Card 151","Machop ","Japanese","NM","0.02 €","","","false","","false",""
"1189085664","Parronss","cancelled","87/112","1","","Pokémon Card 151","Bellsprout ","Japanese","NM","0.02 €","","","false","","false",""
"1189085664","Parronss","cancelled","88/112","1","","Pokémon Card 151","Weepinbell ","Japanese","NM","0.02 €","","","false","","false",""
"1189085664","Parronss","cancelled","89/112","1","","Pokémon Card 151","Tentacool ","Japanese","NM","0.02 €","","","false","","false",""
"1189085664","Parronss","cancelled","90/112","1","","Pokémon Card 151","Geodude ","Japanese","NM","0.02 €","","","false","","false",""
"1189085664","Parronss","cancelled","91/112","1","","Pokémon Card 151","Slowpoke ","Japanese","NM","0.09 €","","","false","","false",""
"1189085664","Parronss","cancelled","92/112","1","","Pokémon Card 151","Magnemite ","Japanese","NM","0.02 €","","","false","","false",""
"1189085664","Parronss","cancelled","93/112","1","","Pokémon Card 151","Farfetch'd ","Japanese","NM","0.02 €","","","false","","false",""
"1189085664","Parronss","cancelled","94/112","1","","Pokémon Card 151","Seel ","Japanese","NM","0.02 €","","","false","","false",""
"1189085664","Parronss","cancelled","95/112","1","","Pokémon Card 151","Grimer ","Japanese","NM","0.02 €","","","false","","false",""
"1189085664","Parronss","cancelled","96/112","1","","Pokémon Card 151","Shellder ","Japanese","NM","0.02 €","","","false","","false",""
"1189085664","Parronss","cancelled","97/112","1","","Pokémon Card 151","Gastly ","Japanese","NM","0.09 €","","","false","","false",""
"1189085664","Parronss","cancelled","98/112","1","","Pokémon Card 151","Krabby ","Japanese","NM","0.02 €","","","false","","false",""
"1189085664","Parronss","cancelled","99/112","1","","Pokémon Card 151","Voltorb ","Japanese","NM","0.02 €","","","false","","false",""
"1189085664","Parronss","cancelled","100/112","1","","Pokémon Card 151","Exeggcute ","Japanese","NM","0.02 €","","","false","","false",""
"1189085664","Parronss","cancelled","101/112","1","","Pokémon Card 151","Lickitung ","Japanese","NM","0.02 €","","","false","","false",""
"1189085664","Parronss","cancelled","102/112","1","","Pokémon Card 151","Koffing ","Japanese","NM","0.02 €","","","false","","false",""
"1189085664","Parronss","cancelled","103/112","1","","Pokémon Card 151","Rhyhorn ","Japanese","NM","0.02 €","","","false","","false",""
"1189085664","Parronss","cancelled","104/112","1","","Pokémon Card 151","Tangela ","Japanese","NM","0.02 €","","","false","","false",""
"1189085664","Parronss","cancelled","105/112","1","","Pokémon Card 151","Horsea ","Japanese","NM","0.02 €","","","false","","false",""
"1189085664","Parronss","cancelled","106/112","1","","Pokémon Card 151","Goldeen ","Japanese","NM","0.02 €","","","false","","false",""
"1189085664","Parronss","cancelled","107/112","1","","Pokémon Card 151","Staryu ","Japanese","NM","0.02 €","","","false","","false",""
"1189085664","Parronss","cancelled","108/112","1","","Pokémon Card 151","Electabuzz ","Japanese","NM","0.03 €","","","false","","false",""
"1189085664","Parronss","cancelled","109/112","1","","Pokémon Card 151","Magmar ","Japanese","NM","0.02 €","","","false","","false",""
"1189085664","Parronss","cancelled","110/112","1","","Pokémon Card 151","Magikarp ","Japanese","NM","0.02 €","","","false","","false",""
"1189085664","Parronss","cancelled","111/112","1","","Pokémon Card 151","Eevee ","Japanese","NM","0.04 €","","","false","","false",""
"1189085664","Parronss","cancelled","112/112","1","","Pokémon Card 151","Porygon ","Japanese","NM","0.02 €","","","false","","false",""
"1189752848","LuMastr","cancelled","1/29","1","","Burning Shadows","Ho-Oh GX ","Italian","GD","5.48 €","","","false","","false",""
"1189752848","LuMastr","cancelled","2/29","1","","Burning Shadows","Tapu Fini GX ","Italian","EX","3.99 €","","","false","","false",""
"1189752848","LuMastr","cancelled","3/29","1","","Lost Thunder","Blacephalon GX ","Italian","NM","8.98 €","","","false","","false",""
"1189752848","LuMastr","cancelled","4/29","1","","Cosmic Eclipse","Volcarona GX ","Italian","EX","3.89 €","","","false","","false",""
"1189752848","LuMastr","cancelled","5/29","1","","Evolving Skies","Laburno","Italian","GD","4 €","","","false","","false",""
"1189752848","LuMastr","cancelled","6/29","1","","Silver Tempest","Chesnaught V ","Italian","NM","2.99 €","","","false","","false",""
"1189752848","LuMastr","cancelled","7/29","1","","Silver Tempest","Allenatore della Palestra","Italian","NM","2.91 €","","","false","","false",""
"1189752848","LuMastr","cancelled","8/29","1","","Silver Tempest","Delphox ","Italian","NM","0.98 €","","","false","","false",""
"1189752848","LuMastr","cancelled","9/29","1","","Silver Tempest","Klinklang ","Italian","NM","0.24 €","","","false","","false",""
"1189752848","LuMastr","cancelled","10/29","1","","Silver Tempest","Araquanid ","Italian","NM","0.11 €","","","false","","false",""
"1189752848","LuMastr","cancelled","11/29","1","","Silver Tempest","Raichu ","Italian","NM","0.15 €","","","false","","false",""
"1189752848","LuMastr","cancelled","12/29","1","","Silver Tempest","Jynx ","Italian","NM","0.11 €","","","false","","false",""
"1189752848","LuMastr","cancelled","13/29","1","","Silver Tempest","Honchkrow ","Italian","NM","0.13 €","","","false","","false",""
"1189752848","LuMastr","cancelled","14/29","1","","Silver Tempest","Wailmer ","Italian","NM","0.07 €","","","false","","false",""
"1189752848","LuMastr","cancelled","15/29","1","","Silver Tempest","Klink ","Italian","NM","0.11 €","","","false","","false",""
"1189752848","LuMastr","cancelled","16/29","1","","Silver Tempest","Dratini ","Italian","NM","0.14 €","","","false","","false",""
"1189752848","LuMastr","cancelled","17/29","1","","Silver Tempest","Smeargle ","Italian","NM","0.11 €","","","false","","false",""
"1189752848","LuMastr","cancelled","18/29","1","","Crown Zenith","Lino","Italian","NM","4.49 €","","","false","","false",""
"1189752848","LuMastr","cancelled","19/29","1","","Crown Zenith","Yanmega ","Italian","NM","0.44 €","","","false","","false",""
"1189752848","LuMastr","cancelled","20/29","1","","Crown Zenith","Exeggutor ","Italian","NM","0.27 €","","","false","","false",""
"1189752848","LuMastr","cancelled","21/29","1","","Crown Zenith","Lycanroc ","Italian","NM","0.49 €","","","false","","false",""
"1189752848","LuMastr","cancelled","22/29","1","","Crown Zenith","Dragalge ","Italian","NM","0.49 €","","","false","","false",""
"1189752848","LuMastr","cancelled","23/29","1","","Stellar Crown","Orthworm ex ","Italian","NM","0.99 €","","","false","","false",""
"1189752848","LuMastr","cancelled","24/29","1","","","Busta di Colpo Fusione","Italian","","14.99 €","","","","","",""
"1189752848","LuMastr","cancelled","25/29","1","","","Busta di Astri Lucenti","Italian","","6 €","","","","","",""
"1189752848","LuMastr","cancelled","26/29","8","","","Busta di Lucentezza Siderale","Italian","","5 €","","","","","",""
"1189752848","LuMastr","cancelled","27/29","1","","","Busta di Tempesta Argentata","Italian","","5.50 €","","","","","",""
"1189752848","LuMastr","cancelled","28/29","1","","","Sofora Premium Tournament Collezione","Italian","","48.89 €","","","","","",""
"1189752848","LuMastr","cancelled","29/29","1","","","Terapagos ex Ultra-Premium Collection","Italian","","128.99 €","","","","","",""
"1189968294","Owl9620","cancelled","1/1","1","","Mask of Change","Sunflora ","Japanese","NM","0.94 €","","","false","","false",""
"1190733229","Beniiito31","cancelled","1/1","1","","BREAK Starter Pack","Raichu ","Japanese","NM","3.98 €","","","false","","false",""
"1191067932","nick-04","cancelled","1/1","1","","Mask of Change","Cornerstone Mask Ogerpon ex ","Japanese","NM","0.29 €","","","false","","false",""
"1192840696","ShonkssTCG","cancelled","1/3","17","","Scarlet & Violet","Live Code Card (Booster)","Italian","NM","0.02 €","","","false","","false",""
"1192840696","ShonkssTCG","cancelled","2/3","12","","Paldea Evolved","Live Code Card (Booster)","Italian","NM","0.02 €","","","false","","false",""
"1192840696","ShonkssTCG","cancelled","3/3","10","","Obsidian Flames","Live Code Card (Booster)","Italian","NM","0.02 €","","","false","","false",""
"1193413409","Fraaa566","cancelled","1/1","1","","Night Wanderer","Tapu Bulu ","Japanese","NM","0.99 €","","","false","","false",""
"1193705255","DANYTO09","cancelled","1/1","1","","Pokémon GO","Caramella Rara","Italian","NM","0.04 €","","","false","","false",""
"1193581577","Musashibe","cancelled","1/1","1","","Scarlet ex","Ralts ","Japanese","NM","6.89 €","","","false","","false",""
"1193921502","alice6294","cancelled","1/2","1","","Paradise Dragona","Castform Sunny Form ","Japanese","NM","2.84 €","","","false","","false",""
"1193921502","alice6294","cancelled","2/2","1","","Super Electric Breaker","Alolan Dugtrio ","Japanese","NM","1.36 €","","","false","","false",""
"1193898377","Raffcop","cancelled","1/9","1","","Scarlet ex","Starly ","Japanese","NM","2.48 €","","","false","","false",""
"1193898377","Raffcop","cancelled","2/9","1","","Ruler of the Black Flame","Larvitar ","Japanese","NM","0.99 €","","","false","","false",""
"1193898377","Raffcop","cancelled","3/9","1","","Raging Surf","Aegislash ","Japanese","NM","2.98 €","","","false","","false",""
"1193898377","Raffcop","cancelled","4/9","1","","Future Flash","Aipom ","Japanese","NM","1.28 €","","","false","","false",""
"1193898377","Raffcop","cancelled","5/9","1","","Wild Force","Bronzor ","Japanese","NM","2.48 €","","","false","","false",""
"1193898377","Raffcop","cancelled","6/9","1","","Wild Force","Chatot ","Japanese","NM","2.48 €","","","false","","false",""
"1193898377","Raffcop","cancelled","7/9","1","","Crimson Haze","Probopass ","Japanese","NM","1.29 €","","","false","","false",""
"1193898377","Raffcop","cancelled","8/9","1","","Mask of Change","Froslass ","Japanese","NM","2.78 €","","","false","","false",""
"1193898377","Raffcop","cancelled","9/9","1","","Stellar Miracle","Raboot ","Japanese","NM","1.69 €","","","false","","false",""
"1194356206","Peppobot","cancelled","1/1","12","","Paldea Evolved","Live Code Card (Booster)","Italian","NM","0.02 €","","","false","","false",""
"1196108701","Nami3lle","cancelled","1/1","1","","Night Wanderer","Zorua ","Japanese","NM","4.79 €","","","false","","false",""
"1196189492","Andreoa","cancelled","1/9","1","","VSTAR Universe","Hisuian Voltorb ","Japanese","NM","0.77 €","","","false","","false",""
"1196189492","Andreoa","cancelled","2/9","1","","VSTAR Universe","Lapras ","Japanese","NM","3.49 €","","","false","","false",""
"1196189492","Andreoa","cancelled","3/9","1","","VSTAR Universe","Diancie ","Japanese","NM","1.19 €","","","false","","false",""
"1196189492","Andreoa","cancelled","4/9","1","","Ancient Roar","Crustle ","Japanese","NM","1.19 €","","","false","","false",""
"1196189492","Andreoa","cancelled","5/9","1","","Paradise Dragona","Clobbopus ","Japanese","NM","1.19 €","","","false","","false",""
"1196189492","Andreoa","cancelled","6/9","1","","Paradise Dragona","Skarmory ","Japanese","NM","2.39 €","","","false","","false",""
"1196189492","Andreoa","cancelled","7/9","1","","Paradise Dragona","Flapple ","Japanese","NM","1.19 €","","","false","","false",""
"1196189492","Andreoa","cancelled","8/9","1","","Super Electric Breaker","Larvesta ","Japanese","NM","1.09 €","","","false","","false",""
"1196189492","Andreoa","cancelled","9/9","1","","Super Electric Breaker","Kecleon ","Japanese","NM","1.39 €","","","false","","false",""
"1196535225","Fiorentino86","cancelled","1/2","3","","","Terapagos ex Ultra-Premium Collection","Italian","","128.99 €","","","","","",""
"1196535225","Fiorentino86","cancelled","2/2","1","","","Set Allenatore Fuoriclasse Lunaruggente di Paradosso Temporale","Italian","","42.99 €","","","","","",""
"1196884810","HaryuDL","cancelled","1/8","1","","Sword","Dhelmise V ","Japanese","NM","7.94 €","","","false","","false",""
"1196884810","HaryuDL","cancelled","2/8","1","","Shiny Star V","Falinks V ","Japanese","NM","1.49 €","","","false","","false",""
"1196884810","HaryuDL","cancelled","3/8","1","","Incandescent Arcana","Smeargle ","Japanese","NM","1.08 €","","","false","","false",""
"1196884810","HaryuDL","cancelled","4/8","1","","VSTAR Universe","Miltank ","Japanese","NM","1.49 €","","","false","","false",""
"1196884810","HaryuDL","cancelled","5/8","1","","Scarlet ex","Dolliv ","Japanese","NM","1.79 €","","","false","","false",""
"1196884810","HaryuDL","cancelled","6/8","1","","Triplet Beat","Tropius ","Japanese","NM","1.85 €","","","false","","false",""
"1196884810","HaryuDL","cancelled","7/8","1","","Clay Burst","Farigiraf ","Japanese","NM","1.27 €","","","false","","false",""
"1196884810","HaryuDL","cancelled","8/8","1","","Crimson Haze","Applin ","Japanese","NM","1.89 €","","","false","","false",""
"1197488397","RikyDef","paid","1/1","1","","EX Dragon Frontiers","Pinsir δ Delta Species ","English","NM","10.53 €","Stamped","","false","","false",""
"1197678355","Mattevs","cancelled","1/1","1","","Pokémon GO","Charmeleon ","Italian","NM","0.02 €","","","false","","false",""
"1198258964","jxm640","cancelled","1/1","1","","151","Hitmonchan ","Italian","NM","0.02 €","","","false","","false",""
"1198347166","Alexified","cancelled","1/16","1","","Star Birth","Arceus VSTAR ","Japanese","NM","1.98 €","","","false","","false",""
"1198347166","Alexified","cancelled","2/16","1","","Star Birth","Charizard V ","Japanese","NM","1.98 €","","","false","","false",""
"1198347166","Alexified","cancelled","3/16","1","","Star Birth","Whimsicott V ","Japanese","NM","0.78 €","","","false","","false",""
"1198347166","Alexified","cancelled","4/16","1","","Star Birth","Honchkrow V ","Japanese","NM","0.48 €","","","false","","false",""
"1198347166","Alexified","cancelled","5/16","1","","Star Birth","Arceus V ","Japanese","NM","0.48 €","","","false","","false",""
"1198347166","Alexified","cancelled","6/16","1","","VSTAR Universe","Zamazenta V ","Japanese","NM","0.44 €","","","false","","false",""
"1198347166","Alexified","cancelled","7/16","1","","Clay Burst","Tinkaton ex ","Japanese","NM","0.48 €","","","false","","false",""
"1198347166","Alexified","cancelled","8/16","1","","Ruler of the Black Flame","Revavroom ex ","Japanese","NM","0.34 €","","","false","","false",""
"1198347166","Alexified","cancelled","9/16","1","","Raging Surf","Froslass ex ","Japanese","NM","0.48 €","","","false","","false",""
"1198347166","Alexified","cancelled","10/16","1","","Raging Surf","Tapu Koko ex ","Japanese","NM","0.78 €","","","false","","false",""
"1198347166","Alexified","cancelled","11/16","1","","Raging Surf","Hoopa ex ","Japanese","NM","0.48 €","","","false","","false",""
"1198347166","Alexified","cancelled","12/16","1","","Raging Surf","Gholdengo ex ","Japanese","NM","0.89 €","","","false","","false",""
"1198347166","Alexified","cancelled","13/16","1","","Future Flash","Iron Valiant ex ","Japanese","NM","0.48 €","","","false","","false",""
"1198347166","Alexified","cancelled","14/16","1","","Future Flash","Aegislash ex ","Japanese","NM","0.48 €","","","false","","false",""
"1198347166","Alexified","cancelled","15/16","1","","Shiny Treasure ex","Tinkaton ","Japanese","NM","0.48 €","","","false","","false",""
"1198347166","Alexified","cancelled","16/16","1","","Terastal Festival ex","Iron Thorns ex ","Japanese","NM","0.47 €","","","false","","false",""
"1198706315","TIKUS9","cancelled","1/1","1","","Surging Sparks","Phanpy ","Italian","NM","6.99 €","","","false","","false",""
"1199057544","cicciooooo","paid","1/8","3","","VMAX Climax","Banette ","Japanese","NM","1.09 €","","","false","","false",""
"1199057544","cicciooooo","paid","2/8","1","","Battle Region","Mightyena ","Japanese","NM","1.19 €","","","false","","false",""
"1199057544","cicciooooo","paid","3/8","3","","Dark Phantasma","Hisuian Arcanine ","Japanese","NM","1.19 €","","","false","","false",""
"1199057544","cicciooooo","paid","4/8","4","","VSTAR Universe","Absol ","Japanese","NM","1.99 €","","","false","","false",""
"1199057544","cicciooooo","paid","5/8","1","","Mask of Change","Chansey ","Japanese","NM","4.98 €","","","false","","false",""
"1199057544","cicciooooo","paid","6/8","1","","Stellar Miracle","Archaludon ","Japanese","NM","0.99 €","","","false","","false",""
"1199057544","cicciooooo","paid","7/8","2","","Paradise Dragona","Appletun ","Japanese","NM","1.23 €","","","false","","false",""
"1199057544","cicciooooo","paid","8/8","2","","Super Electric Breaker","Stunfisk ","Japanese","NM","0.69 €","","","false","","false",""
"1199358757","Baraqueageek","paid","1/40","1","","Shiny Star V","Eldegoss V ","Japanese","NM","1.98 €","","","false","","false",""
"1199358757","Baraqueageek","paid","2/40","2","","Shiny Star V","Centiskorch V ","Japanese","NM","1.97 €","","","false","","false",""
"1199358757","Baraqueageek","paid","3/40","1","","Shiny Star V","Grimmsnarl V ","Japanese","NM","1.49 €","","","false","","false",""
"1199358757","Baraqueageek","paid","4/40","1","","Shiny Star V","Piers","Japanese","NM","1.36 €","","","false","","false",""
"1199358757","Baraqueageek","paid","5/40","1","","Shiny Star V","Rillaboom VMAX ","Japanese","NM","0.49 €","","","false","","false",""
"1199358757","Baraqueageek","paid","6/40","1","","Shiny Star V","Stonjourner ","Japanese","NM","0.98 €","","","false","","false",""
"1199358757","Baraqueageek","paid","7/40","1","","Fusion Arts","Crabominable V ","Japanese","NM","1.99 €","","","false","","false",""
"1199358757","Baraqueageek","paid","8/40","1","","VMAX Climax","Milo","Japanese","NM","1.79 €","","","false","","false",""
"1199358757","Baraqueageek","paid","9/40","1","","VMAX Climax","Orbeetle V ","Japanese","NM","3.49 €","","","false","","false",""
"1199358757","Baraqueageek","paid","10/40","1","","VMAX Climax","Boltund V ","Japanese","NM","4.98 €","","","false","","false",""
"1199358757","Baraqueageek","paid","11/40","1","","Star Birth","Shaymin V ","Japanese","NM","1.98 €","","","false","","false",""
"1199358757","Baraqueageek","paid","12/40","2","","Star Birth","Charizard VSTAR ","Japanese","NM","3.89 €","","","false","","false",""
"1199358757","Baraqueageek","paid","13/40","1","","Star Birth","Arceus VSTAR ","Japanese","NM","1.98 €","","","false","","false",""
"1199358757","Baraqueageek","paid","14/40","1","","Battle Region","Hisuian Decidueye VSTAR ","Japanese","NM","0.48 €","","","false","","false",""
"1199358757","Baraqueageek","paid","15/40","1","","Battle Region","Hisuian Samurott VSTAR ","Japanese","NM","0.48 €","","","false","","false",""
"1199358757","Baraqueageek","paid","16/40","2","","Space Juggler","Kleavor VSTAR ","Japanese","NM","0.47 €","","","false","","false",""
"1199358757","Baraqueageek","paid","17/40","1","","Pokémon GO Enhanced Expansion Pack","Mewtwo VSTAR ","Japanese","NM","0.94 €","","","false","","false",""
"1199358757","Baraqueageek","paid","18/40","1","","Lost Abyss","Drapion VSTAR ","Japanese","NM","0.48 €","","","false","","false",""
"1199358757","Baraqueageek","paid","19/40","2","","Incandescent Arcana","Serperior VSTAR ","Japanese","NM","0.48 €","","","false","","false",""
"1199358757","Baraqueageek","paid","20/40","1","","Incandescent Arcana","Mawile VSTAR ","Japanese","NM","0.44 €","","","false","","false",""
"1199358757","Baraqueageek","paid","21/40","2","","VSTAR Universe","Simisear VSTAR ","Japanese","NM","0.42 €","","","false","","false",""
"1199358757","Baraqueageek","paid","22/40","1","","VSTAR Universe","Zeraora VSTAR ","Japanese","NM","0.59 €","","","false","","false",""
"1199358757","Baraqueageek","paid","23/40","1","","Violet ex","Skwovet ","Japanese","NM","1.98 €","","","false","","false",""
"1199358757","Baraqueageek","paid","24/40","1","","Clay Burst","Tinkatink ","Japanese","NM","2.19 €","","","false","","false",""
"1199358757","Baraqueageek","paid","25/40","1","","Ruler of the Black Flame","Varoom ","Japanese","NM","0.94 €","","","false","","false",""
"1199358757","Baraqueageek","paid","26/40","2","","Shiny Treasure ex","Meowscarada ex ","Japanese","NM","1.96 €","","","false","","false",""
"1199358757","Baraqueageek","paid","27/40","3","","Shiny Treasure ex","Toedscruel ex ","Japanese","NM","0.69 €","","","false","","false",""
"1199358757","Baraqueageek","paid","28/40","2","","Shiny Treasure ex","Skeledirge ex ","Japanese","NM","1.49 €","","","false","","false",""
"1199358757","Baraqueageek","paid","29/40","2","","Shiny Treasure ex","Quaquaval ex ","Japanese","NM","0.99 €","","","false","","false",""
"1199358757","Baraqueageek","paid","30/40","1","","Shiny Treasure ex","Gardevoir ex ","Japanese","NM","2.99 €","","","false","","false",""
"1199358757","Baraqueageek","paid","31/40","2","","Shiny Treasure ex","Great Tusk ex ","Japanese","NM","0.98 €","","","false","","false",""
"1199358757","Baraqueageek","paid","32/40","2","","Shiny Treasure ex","Paldean Clodsire ex ","Japanese","NM","0.99 €","","","false","","false",""
"1199358757","Baraqueageek","paid","33/40","1","","Shiny Treasure ex","Iron Treads ex ","Japanese","NM","0.59 €","","","false","","false",""
"1199358757","Baraqueageek","paid","34/40","3","","Shiny Treasure ex","Noivern ex ","Japanese","NM","0.98 €","","","false","","false",""
"1199358757","Baraqueageek","paid","35/40","1","","Shiny Treasure ex","Squawkabilly ex ","Japanese","NM","1.39 €","","","false","","false",""
"1199358757","Baraqueageek","paid","36/40","1","","Shiny Treasure ex","Clive","Japanese","NM","0.49 €","","","false","","false",""
"1199358757","Baraqueageek","paid","37/40","1","","Stellar Miracle","Ledian ","Japanese","NM","1.73 €","","","false","","false",""
"1199358757","Baraqueageek","paid","38/40","1","","Stellar Miracle","Crabominable ","Japanese","NM","1.28 €","","","false","","false",""
"1199358757","Baraqueageek","paid","39/40","1","","Super Electric Breaker","Vivillon ","Japanese","NM","1.14 €","","","false","","false",""
"1199358757","Baraqueageek","paid","40/40","1","","Super Electric Breaker","Alolan Dugtrio ","Japanese","NM","1.89 €","","","false","","false",""
"1199667758","Gabrimele7","paid","1/6","1","","EX Sandstorm","Omanyte ","Italian","NM","1.40 €","","","false","","false",""
"1199667758","Gabrimele7","paid","2/6","1","","Unleashed","Jirachi ","Italian","NM","1.97 €","","","false","","false",""
"1199667758","Gabrimele7","paid","3/6","1","","Cosmic Eclipse","Lanturn ","Italian","NM","0.58 €","","","false","","false",""
"1199667758","Gabrimele7","paid","4/6","1","","Evolving Skies","Hypno ","Italian","NM","0.06 €","","","false","","false",""
"1199667758","Gabrimele7","paid","5/6","1","","Pokémon GO","Lapras ","Italian","NM","0.14 €","","","false","","false",""
"1199667758","Gabrimele7","paid","6/6","1","","Pokémon GO","Pikachu ","Italian","NM","0.24 €","","","false","","false",""
"1199855006","Darkitidus","paid","1/8","1","","Judge Promos [Fusion World]","Krillin (FB01-008) [Fusion World]","English","NM","0.27 €","","true","false","","false",""
"1199855006","Darkitidus","paid","2/8","1","","Judge Promos [Fusion World]","Son Gohan : Adolescence (FB01-016) [Fusion World]","English","NM","1.49 €","","true","false","","false",""
"1199855006","Darkitidus","paid","3/8","1","","Judge Promos [Fusion World]","Goku Black (FB01-037) [Fusion World]","English","NM","0.27 €","","true","false","","false",""
"1199855006","Darkitidus","paid","4/8","1","","Judge Promos [Fusion World]","Android 18 (FB01-081) [Fusion World]","English","NM","0.27 €","","true","false","","false",""
"1199855006","Darkitidus","paid","5/8","1","","Judge Promos [Fusion World]","Ginyu (FB01-108) [Fusion World]","English","NM","0.27 €","","true","false","","false",""
"1199855006","Darkitidus","paid","6/8","1","","Judge Promos [Fusion World]","Supernova (FB01-136) [Fusion World]","English","NM","0.24 €","","true","false","","false",""
"1199855006","Darkitidus","paid","7/8","1","","Judge Promos [Fusion World]","Cabba (FB01-007) [Fusion World]","English","NM","0.24 €","","true","false","","false",""
"1199855006","Darkitidus","paid","8/8","1","","Judge Promos [Fusion World]","Yamcha (FB01-098) [Fusion World]","English","NM","0.24 €","","true","false","","false",""
"1199930728","Sandarthered","paid","1/35","1","","Rebel Clash","Voltorb ","Italian","NM","0.02 €","","","false","","false",""
"1199930728","Sandarthered","paid","2/35","1","","Darkness Ablaze","Gothorita ","English","NM","0.17 €","","","false","","false",""
"1199930728","Sandarthered","paid","3/35","1","","Darkness Ablaze","Dugtrio ","English","NM","0.16 €","","","false","","false",""
"1199930728","Sandarthered","paid","4/35","1","","Vivid Voltage","Drilbur ","Italian","NM","0.04 €","","","false","","false",""
"1199930728","Sandarthered","paid","5/35","1","","Evolving Skies","Flabébé ","Italian","NM","0.02 €","","","false","","false",""
"1199930728","Sandarthered","paid","6/35","1","","Astral Radiance","Sudowoodo ","Italian","NM","0.02 €","","","false","","false",""
"1199930728","Sandarthered","paid","7/35","2","","Pokémon GO","Bulbasaur ","Italian","NM","0.02 €","","","false","","false",""
"1199930728","Sandarthered","paid","8/35","1","","Pokémon GO","Spinarak ","Italian","NM","0.02 €","","","false","","false",""
"1199930728","Sandarthered","paid","9/35","2","","Pokémon GO","Squirtle ","Italian","NM","0.02 €","","","false","","false",""
"1199930728","Sandarthered","paid","10/35","1","","Crown Zenith","Gloom ","Italian","NM","0.02 €","","","false","","false",""
"1199930728","Sandarthered","paid","11/35","1","","Crown Zenith","Carnivine ","Italian","NM","0.02 €","","","false","","false",""
"1199930728","Sandarthered","paid","12/35","1","","Crown Zenith","Luxio ","Italian","NM","0.02 €","","","false","","false",""
"1199930728","Sandarthered","paid","13/35","1","","Crown Zenith","Graveler ","Italian","NM","0.02 €","","","false","","false",""
"1199930728","Sandarthered","paid","14/35","1","","Crown Zenith","Oddish ","Italian","NM","0.02 €","","","false","","false",""
"1199930728","Sandarthered","paid","15/35","1","","Crown Zenith","Tangela ","Italian","NM","0.02 €","","","false","","false",""
"1199930728","Sandarthered","paid","16/35","1","","Crown Zenith","Scyther ","Italian","NM","0.02 €","","","false","","false",""
"1199930728","Sandarthered","paid","17/35","1","","Crown Zenith","Rockruff ","Italian","NM","0.02 €","","","false","","false",""
"1199930728","Sandarthered","paid","18/35","1","","Crown Zenith","Purrloin ","Italian","NM","0.02 €","","","false","","false",""
"1199930728","Sandarthered","paid","19/35","1","","Crown Zenith","Skrelp ","Italian","NM","0.02 €","","","false","","false",""
"1199930728","Sandarthered","paid","20/35","1","","Crown Zenith","Pawniard ","Italian","NM","0.02 €","","","false","","false",""
"1199930728","Sandarthered","paid","21/35","1","","Crown Zenith","Wooloo ","Italian","NM","0.02 €","","","false","","false",""
"1199930728","Sandarthered","paid","22/35","1","","Paldea Evolved","Jigglypuff ","Italian","NM","0.02 €","","","false","","false",""
"1199930728","Sandarthered","paid","23/35","1","","Paldea Evolved","Maschiff ","Italian","NM","0.29 €","","","false","","false",""
"1199930728","Sandarthered","paid","24/35","2","","151","Slowbro ","Italian","NM","0.02 €","","","false","","false",""
"1199930728","Sandarthered","paid","25/35","1","","151","Exeggutor ","Italian","NM","0.02 €","","","false","","false",""
"1199930728","Sandarthered","paid","26/35","1","","151","Rhydon ","Italian","NM","0.02 €","","","false","","false",""
"1199930728","Sandarthered","paid","27/35","1","","151","Seadra ","Italian","NM","0.02 €","","","false","","false",""
"1199930728","Sandarthered","paid","28/35","1","","151","Kabuto ","Italian","NM","0.02 €","","","false","","false",""
"1199930728","Sandarthered","paid","29/35","1","","151","Growlithe ","Italian","NM","0.02 €","","","false","","false",""
"1199930728","Sandarthered","paid","30/35","1","","151","Farfetch'd ","Italian","NM","0.02 €","","","false","","false",""
"1199930728","Sandarthered","paid","31/35","1","","151","Koffing ","Italian","NM","0.02 €","","","false","","false",""
"1199930728","Sandarthered","paid","32/35","1","","151","Rhyhorn ","Italian","NM","0.02 €","","","false","","false",""
"1199930728","Sandarthered","paid","33/35","1","","151","Magmar ","Italian","NM","0.02 €","","","false","","false",""
"1199930728","Sandarthered","paid","34/35","1","","151","Magikarp ","Italian","NM","0.02 €","","","false","","false",""
"1199930728","Sandarthered","paid","35/35","1","","Paradox Rift","Porygon ","Italian","NM","0.02 €","","","false","","false",""
"1176920651","snoker","lost","1/1","1","","Pokémon Card 151","Switch","Japanese","NM","15.59 €","","","false","false","false",""
"1193716040","Carlo3105","sent","1/1","1","","Night Wanderer","Houndoom ","Japanese","NM","4.48 €","","","false","","false",""
"1193532329","KenanDT95","sent","1/19","5","","Violet ex","Tarountula ","Japanese","NM","0.88 €","","","false","","false",""
"1193532329","KenanDT95","sent","2/19","5","","Violet ex","Toedscool ","Japanese","NM","0.93 €","","","false","","false",""
"1193532329","KenanDT95","sent","3/19","9","","Violet ex","Bombirdier ","Japanese","NM","0.69 €","","","false","","false",""
"1193532329","KenanDT95","sent","4/19","1","","Clay Burst","Tinkatuff ","Japanese","NM","0.99 €","","","false","","false",""
"1193532329","KenanDT95","sent","5/19","2","","Clay Burst","Farigiraf ","Japanese","NM","0.99 €","","","false","","false",""
"1193532329","KenanDT95","sent","6/19","6","","Ruler of the Black Flame","Palafin ","Japanese","NM","0.99 €","","","false","","false",""
"1193532329","KenanDT95","sent","7/19","2","","Ruler of the Black Flame","Lechonk ","Japanese","NM","0.69 €","","","false","","false",""
"1193532329","KenanDT95","sent","8/19","3","","Ancient Roar","Crustle ","Japanese","NM","0.98 €","","","false","","false",""
"1193532329","KenanDT95","sent","9/19","2","","Ancient Roar","Slither Wing ","Japanese","NM","0.99 €","","","false","","false",""
"1193532329","KenanDT95","sent","10/19","2","","Future Flash","Toedscruel ","Japanese","NM","0.98 €","","","false","","false",""
"1193532329","KenanDT95","sent","11/19","4","","Future Flash","Iron Moth ","Japanese","NM","0.99 €","","","false","","false",""
"1193532329","KenanDT95","sent","12/19","8","","Mask of Change","Dipplin ","Japanese","NM","0.98 €","","","false","","false",""
"1193532329","KenanDT95","sent","13/19","5","","Mask of Change","Wattrel ","Japanese","NM","0.78 €","","","false","","false",""
"1193532329","KenanDT95","sent","14/19","9","","Mask of Change","Fezandipiti ","Japanese","NM","0.98 €","","","false","","false",""
"1193532329","KenanDT95","sent","15/19","10","","Mask of Change","Timburr ","Japanese","NM","0.98 €","","","false","","false",""
"1193532329","KenanDT95","sent","16/19","11","","Mask of Change","Lairon ","Japanese","NM","0.98 €","","","false","","false",""
"1193532329","KenanDT95","sent","17/19","3","","Night Wanderer","Tapu Bulu ","Japanese","NM","0.99 €","","","false","","false",""
"1193532329","KenanDT95","sent","18/19","1","","Stellar Miracle","Lileep ","Japanese","NM","0.99 €","","","false","","false",""
"1193532329","KenanDT95","sent","19/19","8","","Stellar Miracle","Turtonator ","Japanese","NM","0.97 €","","","false","","false",""
"1195130469","JeremySell","sent","1/11","1","","EX Dragon","Horsea ","English","NM","0.14 €","","","false","","false",""
"1195130469","JeremySell","sent","2/11","3","","EX Dragon","Houndour ","English","NM","0.44 €","","","false","","false",""
"1195130469","JeremySell","sent","3/11","1","","EX Dragon","Nincada ","English","NM","0.14 €","","","false","","false",""
"1195130469","JeremySell","sent","4/11","1","","EX Dragon","Nincada ","English","NM","0.78 €","","","false","","false",""
"1195130469","JeremySell","sent","5/11","1","","EX Dragon","Numel ","English","NM","0.19 €","","","false","","false",""
"1195130469","JeremySell","sent","6/11","1","","EX Team Magma vs Team Aqua","Dual Ball","English","NM","0.99 €","","","false","","false",""
"1195130469","JeremySell","sent","7/11","1","","XY Promos","Skiddo ","Japanese","NM","2.89 €","","","false","","false",""
"1195130469","JeremySell","sent","8/11","1","","SM Black Star Promos","Mew ","English","NM","4.73 €","","","false","","false",""
"1195130469","JeremySell","sent","9/11","1","","Sword & Shield Promos","Alolan Exeggutor V ","Japanese","NM","0.38 €","","","false","","false",""
"1195130469","JeremySell","sent","10/11","2","","Incandescent Arcana","Mawile V ","Japanese","NM","0.18 €","","","false","","false",""
"1195130469","JeremySell","sent","11/11","4","","Wild Force","Snom ","Japanese","NM","1.19 €","","","false","","false",""
"1195560192","Sabrina0881","sent","1/1","1","","Generations","Sylveon EX ","English","PO","10.98 €","Light Played Inked","","false","","false",""
"1196178100","chiawa","sent","1/1","1","","Pokémon Card 151","Machoke ","Japanese","NM","2.79 €","","","false","","false",""
"1196080416","longa97","sent","1/22","1","","Paradigm Trigger","Lugia V ","Japanese","NM","4.48 €","","","false","","false",""
"1196080416","longa97","sent","2/22","1","","VSTAR Universe","Hisuian Samurott V ","Japanese","NM","0.39 €","","","false","","false",""
"1196080416","longa97","sent","3/22","1","","VSTAR Universe","Kricketune ","Japanese","NM","1.91 €","","","false","","false",""
"1196080416","longa97","sent","4/22","1","","VSTAR Universe","Lunatone ","Japanese","NM","1.39 €","","","false","","false",""
"1196080416","longa97","sent","5/22","1","","VSTAR Universe","Solrock ","Japanese","NM","1.29 €","","","false","","false",""
"1196080416","longa97","sent","6/22","1","","VSTAR Universe","Thievul ","Japanese","NM","0.94 €","","","false","","false",""
"1196080416","longa97","sent","7/22","1","","VSTAR Universe","Magnezone ","Japanese","NM","1.89 €","","","false","","false",""
"1196080416","longa97","sent","8/22","1","","VSTAR Universe","Ditto ","Japanese","NM","1.99 €","","","false","","false",""
"1196080416","longa97","sent","9/22","1","","Violet ex","Tarountula ","Japanese","NM","0.84 €","","","false","","false",""
"1196080416","longa97","sent","10/22","1","","Violet ex","Clauncher ","Japanese","NM","0.99 €","","","false","","false",""
"1196080416","longa97","sent","11/22","1","","Violet ex","Mabosstiff ","Japanese","NM","0.96 €","","","false","","false",""
"1196080416","longa97","sent","12/22","1","","Violet ex","Bombirdier ","Japanese","NM","0.79 €","","","false","","false",""
"1196080416","longa97","sent","13/22","1","","Clay Burst","Sandygast ","Japanese","NM","1.87 €","","","false","","false",""
"1196080416","longa97","sent","14/22","1","","Clay Burst","Grafaiai ","Japanese","NM","0.97 €","","","false","","false",""
"1196080416","longa97","sent","15/22","1","","Pokémon Card 151","Omanyte ","Japanese","NM","2.74 €","","","false","","false",""
"1196080416","longa97","sent","16/22","1","","Ruler of the Black Flame","Lechonk ","Japanese","NM","1.09 €","","","false","","false",""
"1196080416","longa97","sent","17/22","1","","Ancient Roar","Crustle ","Japanese","NM","1.19 €","","","false","","false",""
"1196080416","longa97","sent","18/22","1","","Future Flash","Iron Jugulis ","Japanese","NM","1.99 €","","","false","","false",""
"1196080416","longa97","sent","19/22","1","","Mask of Change","Lairon ","Japanese","NM","0.97 €","","","false","","false",""
"1196080416","longa97","sent","20/22","1","","Mask of Change","Tatsugiri ","Japanese","NM","4.98 €","","","false","","false",""
"1196080416","longa97","sent","21/22","1","","Night Wanderer","Cufant ","Japanese","NM","1.39 €","","","false","","false",""
"1196080416","longa97","sent","22/22","1","","Paradise Dragona","Castform Sunny Form ","Japanese","NM","1.99 €","","","false","","false",""
"1197199771","crigal","sent","1/1","1","","Awakened Pulse [Fusion World] (Non-Engish)","Android 18 (FB01-079) [Fusion World] (V.2 - Alternate Art)","Japanese","NM","1.99 €","","true","false","","false",""
"1197229577","Aarnaiz","sent","1/28","1","","Shiny Star V","Eternatus V ","Japanese","NM","0.49 €","","","false","","false",""
"1197229577","Aarnaiz","sent","2/28","1","","Eevee Heroes","Leafeon V ","Japanese","NM","1.49 €","","","false","","false",""
"1197229577","Aarnaiz","sent","3/28","1","","Eevee Heroes","Flareon V ","Japanese","NM","1.49 €","","","false","","false",""
"1197229577","Aarnaiz","sent","4/28","1","","Eevee Heroes","Umbreon V ","Japanese","NM","3.99 €","","","false","","false",""
"1197229577","Aarnaiz","sent","5/28","1","","VMAX Climax","Single Strike Urshifu V ","Japanese","NM","0.29 €","","","false","","false",""
"1197229577","Aarnaiz","sent","6/28","1","","VMAX Climax","Rapid Strike Urshifu V ","Japanese","NM","0.49 €","","","false","","false",""
"1197229577","Aarnaiz","sent","7/28","1","","VMAX Climax","Corviknight V ","Japanese","NM","0.47 €","","","false","","false",""
"1197229577","Aarnaiz","sent","8/28","1","","VMAX Climax","Gardevoir ","Japanese","NM","2.19 €","","","false","","false",""
"1197229577","Aarnaiz","sent","9/28","1","","Start Deck 100","Cinderace V ","Japanese","NM","0.44 €","","","false","","false",""
"1197229577","Aarnaiz","sent","10/28","1","","Star Birth","Flygon V ","Japanese","NM","0.38 €","","","false","","false",""
"1197229577","Aarnaiz","sent","11/28","1","","Star Birth","Arceus V ","Japanese","NM","0.48 €","","","false","","false",""
"1197229577","Aarnaiz","sent","12/28","1","","Battle Region","Virizion V ","Japanese","NM","0.48 €","","","false","","false",""
"1197229577","Aarnaiz","sent","13/28","1","","Battle Region","Chandelure ","Japanese","NM","1.98 €","","","false","","false",""
"1197229577","Aarnaiz","sent","14/28","1","","Pokémon GO Enhanced Expansion Pack","Slaking V ","Japanese","NM","0.48 €","","","false","","false",""
"1197229577","Aarnaiz","sent","15/28","1","","Lost Abyss","Kyurem V ","Japanese","NM","0.48 €","","","false","","false",""
"1197229577","Aarnaiz","sent","16/28","1","","Lost Abyss","Pidgeot V ","Japanese","NM","0.48 €","","","false","","false",""
"1197229577","Aarnaiz","sent","17/28","1","","VSTAR & VMAX High Class Deck Deoxys","Deoxys VMAX ","Japanese","NM","1.95 €","","","false","","false",""
"1197229577","Aarnaiz","sent","18/28","1","","Incandescent Arcana","Serperior V ","Japanese","NM","0.48 €","","","false","","false",""
"1197229577","Aarnaiz","sent","19/28","1","","Incandescent Arcana","Milotic ","Japanese","NM","3.49 €","","","false","","false",""
"1197229577","Aarnaiz","sent","20/28","1","","Paradigm Trigger","Unown VSTAR ","Japanese","NM","0.97 €","","","false","","false",""
"1197229577","Aarnaiz","sent","21/28","1","","Paradigm Trigger","Regieleki V ","Japanese","NM","0.28 €","","","false","","false",""
"1197229577","Aarnaiz","sent","22/28","1","","VSTAR Universe","Entei V ","Japanese","NM","0.49 €","","","false","","false",""
"1197229577","Aarnaiz","sent","23/28","1","","VSTAR Universe","Hatterene V ","Japanese","NM","0.29 €","","","false","","false",""
"1197229577","Aarnaiz","sent","24/28","1","","VSTAR Universe","Giratina V ","Japanese","NM","0.97 €","","","false","","false",""
"1197229577","Aarnaiz","sent","25/28","1","","VSTAR Universe","Magnezone ","Japanese","NM","1.89 €","","","false","","false",""
"1197229577","Aarnaiz","sent","26/28","1","","Scarlet ex","Toxicroak ex ","Japanese","NM","0.48 €","","","false","","false",""
"1197229577","Aarnaiz","sent","27/28","1","","Ruler of the Black Flame","Absol ex ","Japanese","NM","0.48 €","","","false","","false",""
"1197229577","Aarnaiz","sent","28/28","1","","Raging Surf","Groudon ","Japanese","NM","40 €","PSA 9","","false","","false",""
"1198477420","Piiiim","sent","1/4","1","","Incandescent Arcana","Wallace","Japanese","NM","3.99 €","","","false","","false",""
"1198477420","Piiiim","sent","2/4","1","","Incandescent Arcana","Mawile V ","Japanese","NM","2.98 €","","","false","","false",""
"1198477420","Piiiim","sent","3/4","1","","Incandescent Arcana","Alolan Vulpix VSTAR ","Japanese","NM","0.84 €","","","false","","false",""
"1198477420","Piiiim","sent","4/4","1","","Incandescent Arcana","Alolan Vulpix V ","Japanese","NM","0.48 €","","","false","","false",""
"1199043089","Gradedstore","sent","1/1","1","","","Paradise Dragona Booster Box","Japanese","","55.49 €","","","","","",""
"1199468039","paoloromagnoli","sent","1/1","1","","Pokémon Card VS","Lance's Ampharos ","Japanese","NM","21.99 €","","","false","","false",""
"1199338222","WuYou06","sent","1/1","1","","","Ruler of the Black Flame Booster Box","Japanese","","69 €","","","","","",""
"1199921480","RedBull92150","sent","1/4","1","","VMAX Climax","Morpeko V-UNION ","Japanese","NM","5.99 €","","","false","","false",""
"1199921480","RedBull92150","sent","2/4","1","","VMAX Climax","Morpeko V-UNION ","Japanese","NM","5.99 €","","","false","","false",""
"1199921480","RedBull92150","sent","3/4","1","","VMAX Climax","Morpeko V-UNION ","Japanese","NM","5.99 €","","","false","","false",""
"1199921480","RedBull92150","sent","4/4","1","","VMAX Climax","Morpeko V-UNION ","Japanese","NM","5.99 €","","","false","","false",""